{"cameraMode":{"drawMode":0,"name":"Shaded","section":"Shading Mode"},"sceneLighting":false,"audioPlay":false,"sceneViewState":{"m_AlwaysRefresh":false,"showFog":true,"showSkybox":false,"showFlares":true,"showImageEffects":true,"showParticleSystems":true,"showVisualEffectGraphs":true,"m_FxEnabled":true},"in2DMode":false,"pivot":{"x":0.10086634755134583,"y":0.014530585147440434,"z":-0.19349509477615357},"rotation":{"x":-0.05804527550935745,"y":-0.938873827457428,"z":0.19747471809387208,"w":-0.27597716450691225},"size":0.3194310665130615,"orthographic":false}