{"cameraMode":{"drawMode":0,"name":"Shaded","section":"Shading Mode"},"sceneLighting":false,"audioPlay":false,"sceneViewState":{"m_AlwaysRefresh":false,"showFog":true,"showSkybox":false,"showFlares":true,"showImageEffects":true,"showParticleSystems":true,"showVisualEffectGraphs":true,"m_FxEnabled":true},"in2DMode":false,"pivot":{"x":-8.940696716308594e-8,"y":0.019999969750642778,"z":0.04999999701976776},"rotation":{"x":-0.1619141697883606,"y":-0.37242403626441958,"z":0.06615186482667923,"w":-0.9114426970481873},"size":0.4616546928882599,"orthographic":false}