{"cameraMode":{"drawMode":0,"name":"Shaded","section":"Shading Mode"},"sceneLighting":false,"audioPlay":false,"sceneViewState":{"m_AlwaysRefresh":false,"showFog":true,"showSkybox":false,"showFlares":true,"showImageEffects":true,"showParticleSystems":true,"showVisualEffectGraphs":true,"m_FxEnabled":true},"in2DMode":false,"pivot":{"x":0.18864215910434724,"y":-0.1327299177646637,"z":-0.05885431170463562},"rotation":{"x":-0.19975341856479646,"y":-0.38674262166023257,"z":0.08619648218154907,"w":-0.8961688876152039},"size":0.42438170313835146,"orthographic":false}